City_ID,City,Country,Lat,Lng,Max Temp,Humidity,Cloudiness,Wind Speed,Current Description
0,Leningradskiy,RU,69.3833,178.4167,-16.71,91,93,5.93,overcast clouds
1,Albany,US,42.6001,-73.9662,23.74,53,100,5.99,overcast clouds
2,Ahipara,NZ,-35.1667,173.1667,68.63,57,86,8.86,overcast clouds
3,Punta Arenas,CL,-53.15,-70.9167,48.11,45,9,18.75,clear sky
4,Rikitea,PF,-23.1203,-134.9692,78.62,71,66,12.82,broken clouds
5,Horki,BY,54.2861,30.9842,22.05,87,53,12.19,broken clouds
6,Fethiye,TR,36.6217,29.1164,46.27,74,4,4.21,clear sky
7,Bud,US,39.447,-86.1758,22.69,74,100,9.71,overcast clouds
8,Nouadhibou,MR,20.931,-17.0347,64.81,77,99,21.92,overcast clouds
9,Darnah,LY,32.767,22.6367,55.29,72,0,8.99,clear sky
10,Avarua,CK,-21.2078,-159.775,80.65,78,40,2.3,scattered clouds
11,Kapaa,US,22.0752,-159.319,82.38,61,40,16.11,scattered clouds
12,Hilo,US,19.7297,-155.09,78.24,85,13,5.01,few clouds
13,Lompoc,US,34.6391,-120.4579,85.78,48,0,1.99,clear sky
14,Tiarei,PF,-17.5333,-149.3333,87.82,75,85,15.84,light rain
15,Dakar,SN,14.6937,-17.4441,72.48,67,68,19.13,broken clouds
16,Kodiak,US,57.79,-152.4072,38.71,65,0,10.36,clear sky
17,Torbay,CA,47.6666,-52.7314,36.57,74,98,4.0,overcast clouds
18,Ushuaia,AR,-54.8,-68.3,38.86,81,75,16.11,broken clouds
19,Saint-Philippe,RE,-21.3585,55.7679,78.39,88,42,12.03,light rain
20,Nanortalik,GL,60.1432,-45.2371,27.14,90,100,8.05,light snow
21,Kurilsk,RU,45.2333,147.8833,27.39,73,46,8.84,scattered clouds
22,Yerbogachen,RU,61.2767,108.0108,-30.77,100,88,3.27,overcast clouds
23,Tuatapere,NZ,-46.1333,167.6833,63.82,50,46,1.66,scattered clouds
24,Jamestown,US,42.097,-79.2353,19.09,94,100,4.23,overcast clouds
25,Severo-Kurilsk,RU,50.6789,156.125,25.16,67,24,13.42,few clouds
26,Saskylakh,RU,71.9167,114.0833,-17.9,89,46,3.0,scattered clouds
27,Soyo,AO,-6.1349,12.3689,78.55,86,98,6.58,overcast clouds
28,Mataura,NZ,-46.1927,168.8643,63.48,48,37,2.28,scattered clouds
29,Bilibino,RU,68.0546,166.4372,-29.92,100,85,2.46,overcast clouds
30,Cayenne,GF,4.9333,-52.3333,80.1,84,75,5.99,light rain
31,Saint George,US,37.1041,-113.5841,73.87,13,0,1.99,clear sky
32,Luderitz,NA,-26.6481,15.1594,72.36,65,0,9.86,clear sky
33,Klaksvik,FO,62.2266,-6.589,34.72,70,100,28.99,overcast clouds
34,Codrington,AU,-38.2667,141.9667,67.35,68,73,8.48,broken clouds
35,Lebu,CL,-37.6167,-73.65,62.22,81,75,6.62,broken clouds
36,East London,ZA,-33.0153,27.9116,73.27,81,87,11.56,overcast clouds
37,Mana,GF,5.6592,-53.7767,76.24,90,31,9.04,scattered clouds
38,Gebre Guracha,ET,9.8,38.4,56.44,49,11,4.43,few clouds
39,Bethel,US,41.3712,-73.414,28.76,67,100,6.91,overcast clouds
40,Sao Joao Da Barra,BR,-21.6403,-41.0511,76.26,89,5,11.74,clear sky
41,Ponta Do Sol,PT,32.6667,-17.1,62.71,69,95,1.97,overcast clouds
42,Ostrovnoy,RU,68.0531,39.5131,20.61,63,100,24.85,overcast clouds
43,Kavieng,PG,-2.5744,150.7967,81.99,77,97,6.24,moderate rain
44,Srednekolymsk,RU,67.45,153.6833,-32.66,99,24,6.49,few clouds
45,Nome,US,64.5011,-165.4064,-5.73,59,0,0.0,clear sky
46,Molchanovo,RU,57.5817,83.7692,8.47,95,100,8.99,light snow
47,Ancud,CL,-41.8697,-73.8203,73.22,79,12,2.86,few clouds
48,Mar Del Plata,AR,-38.0023,-57.5575,66.22,69,0,3.44,clear sky
49,Bahia Blanca,AR,-38.7196,-62.2724,81.93,20,0,3.67,clear sky
50,Shelburne,CA,44.0787,-80.2041,12.76,62,100,5.12,overcast clouds
51,Salekhard,RU,66.53,66.6019,-16.92,100,100,1.92,overcast clouds
52,Faanui,PF,-16.4833,-151.75,80.92,73,100,13.89,light rain
53,Kaoma,ZM,-14.7833,24.8,63.16,94,22,4.05,few clouds
54,Cookeville,US,36.1628,-85.5016,38.17,42,75,4.61,broken clouds
55,Aksarka,RU,66.5606,67.7975,-11.09,99,100,1.95,overcast clouds
56,Ucluelet,CA,48.9329,-125.5528,51.1,71,99,4.0,overcast clouds
57,Oranjemund,NA,-28.55,16.4333,65.34,87,0,9.42,clear sky
58,Clyde River,CA,70.4692,-68.5914,-18.17,76,100,21.85,haze
59,Port Elizabeth,ZA,-33.918,25.5701,68.77,84,48,9.33,scattered clouds
60,Dikson,RU,73.5069,80.5464,-4.94,87,100,24.45,overcast clouds
61,Chuy,UY,-33.6971,-53.4616,62.71,58,1,8.81,clear sky
62,Saint Anthony,US,45.0205,-93.218,9.14,57,100,10.36,overcast clouds
63,Paamiut,GL,61.994,-49.6678,11.19,92,100,18.75,light snow
64,Ambilobe,MG,-13.2,49.05,72.28,94,57,1.68,broken clouds
65,Cockburn Town,TC,21.4612,-71.1419,77.72,78,0,16.02,clear sky
66,Taltal,CL,-25.4,-70.4833,69.17,73,21,5.21,few clouds
67,Marsa Matruh,EG,31.3525,27.2453,56.41,70,2,8.34,clear sky
68,Tiksi,RU,71.6872,128.8694,-12.68,93,12,11.59,few clouds
69,Jining,CN,35.405,116.5814,35.01,84,97,11.16,overcast clouds
70,Mogadishu,SO,2.0371,45.3438,76.87,81,98,17.78,overcast clouds
71,Jijiga,ET,9.35,42.8,60.51,61,95,9.08,overcast clouds
72,Thompson,CA,55.7435,-97.8558,-3.37,94,100,5.12,overcast clouds
73,Dingle,PH,10.9995,122.6711,75.51,91,97,6.53,overcast clouds
74,Nantucket,US,41.2835,-70.0995,34.97,100,100,12.01,snow
75,Tilichiki,RU,60.4667,166.1,-16.26,93,7,9.91,clear sky
76,Mahebourg,MU,-20.4081,57.7,81.25,84,84,13.78,light rain
77,Hobart,AU,-42.8794,147.3294,64.02,74,100,10.36,overcast clouds
78,Mosquera,CO,4.7059,-74.2302,60.89,72,40,9.22,scattered clouds
79,Georgetown,MY,5.4112,100.3354,79.9,87,20,5.75,few clouds
80,Atuona,PF,-9.8,-139.0333,78.08,77,19,12.91,light rain
81,Cherskiy,RU,68.75,161.3,-23.64,97,98,7.85,overcast clouds
82,Bredasdorp,ZA,-34.5322,20.0403,65.28,78,97,14.56,overcast clouds
83,Takoradi,GH,4.8845,-1.7554,78.21,87,68,6.04,light rain
84,Kysyl-Syr,RU,63.8986,122.7617,-29.33,100,99,0.31,overcast clouds
85,Les Cayes,HT,18.2,-73.75,77.23,75,6,7.65,clear sky
86,Mayo,US,38.8876,-76.5119,34.21,67,100,10.36,overcast clouds
87,Corumba,BR,-19.0092,-57.6533,86.18,45,98,0.6,overcast clouds
88,Erenhot,CN,43.6475,111.9767,-8.37,95,12,2.55,few clouds
89,Fort Nelson,CA,58.8053,-122.7002,14.23,90,96,2.8,overcast clouds
90,La Ronge,CA,55.1001,-105.2842,12.54,88,100,7.58,overcast clouds
91,Provideniya,RU,64.3833,-173.3,-3.89,65,0,6.71,clear sky
92,Victoria,HK,22.2855,114.1577,60.24,83,100,10.0,overcast clouds
93,Bitung,ID,1.4451,125.1824,74.25,80,79,3.51,broken clouds
94,Bluff,NZ,-46.6,168.3333,63.81,65,34,0.34,scattered clouds
95,Saldanha,ZA,-33.0117,17.9442,64.71,90,0,18.92,clear sky
96,Madarounfa,NE,13.3087,7.156,71.83,12,1,10.09,clear sky
97,Zhanaozen,KZ,43.3,52.8,27.48,86,24,8.32,few clouds
98,Namerikawa,JP,36.7667,137.3333,42.31,55,100,9.55,overcast clouds
99,Bima,ID,-8.4667,118.7167,77.14,91,94,2.24,overcast clouds
100,Souillac,MU,-20.5167,57.5167,81.36,85,73,12.5,broken clouds
101,Constitucion,CL,-35.3333,-72.4167,63.77,80,58,6.2,broken clouds
102,Namibe,AO,-15.1961,12.1522,75.02,80,100,1.86,overcast clouds
103,Manono,CD,-7.3,27.4167,68.81,97,100,2.44,light rain
104,Carnarvon,AU,-24.8667,113.6333,77.07,88,3,0.0,clear sky
105,Yellowknife,CA,62.456,-114.3525,-11.58,71,72,4.0,broken clouds
106,New Norfolk,AU,-42.7826,147.0587,63.66,66,96,3.13,light rain
107,Busselton,AU,-33.65,115.3333,65.05,71,0,12.26,clear sky
108,Pisco,PE,-13.7,-76.2167,73.45,64,0,20.71,clear sky
109,Half Moon Bay,US,37.4636,-122.4286,81.19,48,4,3.67,clear sky
110,Komsomolskiy,UZ,40.4272,71.7189,35.02,84,100,1.63,overcast clouds
111,Walvis Bay,NA,-22.9575,14.5053,72.09,84,5,9.4,light rain
112,Yarke Pole,UA,45.608,34.3172,32.0,78,86,7.67,overcast clouds
113,Kaitangata,NZ,-46.2817,169.8464,59.94,69,8,4.63,clear sky
114,Hithadhoo,MV,-0.6,73.0833,82.04,73,81,10.74,broken clouds
115,Barrow,US,71.2906,-156.7887,-27.38,68,0,9.22,clear sky
116,Arraial Do Cabo,BR,-22.9661,-42.0278,75.81,89,9,11.25,clear sky
117,Ribeira Grande,PT,38.5167,-28.7,58.12,69,100,10.07,overcast clouds
118,Khatanga,RU,71.9667,102.5,-26.57,97,75,2.68,broken clouds
119,Fare,PF,-16.7,-151.0167,81.1,73,100,15.82,light rain
120,Itapirapua,BR,-15.8233,-50.6133,72.73,93,38,3.2,scattered clouds
121,Maniitsoq,GL,65.4167,-52.9,1.67,85,100,9.13,light snow
122,Vilyuysk,RU,63.7553,121.6247,-28.75,100,99,0.76,overcast clouds
123,Guerrero Negro,MX,27.9769,-114.0611,81.18,20,13,10.09,few clouds
124,Omaruru,NA,-21.4333,15.9333,65.07,89,100,6.58,moderate rain
125,Sungairaya,ID,0.7,108.9,76.42,91,89,2.51,overcast clouds
126,Ushtobe,KZ,45.2514,77.9838,25.72,89,100,3.69,overcast clouds
127,Castro,BR,-24.7911,-50.0119,66.67,91,48,4.47,scattered clouds
128,Hermanus,ZA,-34.4187,19.2345,65.8,83,67,18.97,broken clouds
129,Abonnema,NG,4.7084,6.7931,81.23,77,12,7.47,few clouds
130,Qaqortoq,GL,60.7167,-46.0333,21.7,95,100,10.49,light snow
131,Coxim,BR,-18.5067,-54.76,81.16,61,45,1.5,scattered clouds
132,Sao Filipe,CV,14.8961,-24.4956,73.94,67,61,10.78,broken clouds
133,Williams Lake,CA,52.1415,-122.1445,33.22,50,100,2.73,overcast clouds
134,Dudinka,RU,69.4058,86.1778,-15.23,90,11,7.05,few clouds
135,Broome,US,42.2506,-75.833,20.17,66,0,9.22,clear sky
136,Sandeid,NO,59.5449,5.8636,42.48,97,100,4.43,light rain
137,Port Alfred,ZA,-33.5906,26.891,70.56,87,76,11.3,broken clouds
138,Acapulco,MX,16.8634,-99.8901,85.82,66,75,4.61,broken clouds
139,Ferme-Neuve,CA,46.7001,-75.4493,-6.18,93,60,2.84,broken clouds
140,Katsuura,JP,35.1333,140.3,39.11,89,100,27.02,overcast clouds
141,Upernavik,GL,72.7868,-56.1549,-5.75,95,100,13.96,overcast clouds
142,Cape Town,ZA,-33.9258,18.4232,68.34,83,7,8.01,clear sky
143,Goksun,TR,38.021,36.4973,29.35,64,74,1.12,broken clouds
144,Athabasca,CA,54.7169,-113.2854,22.17,76,87,4.9,overcast clouds
145,Gurupi,BR,-11.7292,-49.0686,73.35,93,86,3.06,overcast clouds
146,Bayir,TR,37.2687,28.2167,37.92,90,7,3.83,clear sky
147,Kuttigen,CH,47.4167,8.05,36.5,89,5,3.38,clear sky
148,Andenes,NO,69.3143,16.1194,30.18,69,40,11.5,scattered clouds
149,Key Largo,US,25.0865,-80.4473,73.99,79,100,14.85,overcast clouds
150,Nikolskoye,RU,59.7035,30.7861,33.71,92,100,12.21,light snow
151,Butaritari,KI,3.0707,172.7902,80.8,79,68,12.53,moderate rain
152,Bowen,AU,-20.0167,148.2333,81.48,63,33,19.93,scattered clouds
153,Banda Aceh,ID,5.5577,95.3222,77.9,76,44,6.13,scattered clouds
154,Longyearbyen,SJ,78.2186,15.6401,15.64,92,100,6.91,light snow
155,Huarmey,PE,-10.0681,-78.1522,74.46,75,25,10.18,scattered clouds
156,Vila Velha,BR,-20.3297,-40.2925,75.15,96,100,6.91,overcast clouds
157,Dubbo,AU,-32.25,148.6167,69.93,60,100,12.66,overcast clouds
158,Zelenoborskiy,RU,66.845,32.3622,21.2,96,100,8.46,light snow
159,Buala,SB,-8.145,159.5921,82.02,79,93,8.63,light rain
160,Vaini,TO,-21.2,-175.2,80.71,73,90,18.95,overcast clouds
161,Krasnoselkup,RU,65.7,82.4667,-2.49,94,68,13.47,broken clouds
162,Lensk,RU,60.7253,114.9278,-21.3,99,76,1.72,broken clouds
163,Fortuna,US,40.5982,-124.1573,75.18,100,100,6.91,overcast clouds
164,Mount Isa,AU,-20.7333,139.5,80.37,65,39,5.75,scattered clouds
165,Nevelsk,RU,46.6733,141.8633,21.63,80,92,10.27,overcast clouds
166,Diamantino,BR,-14.4086,-56.4461,74.3,93,89,0.2,light rain
167,Puerto Ayora,EC,-0.7393,-90.3518,76.55,90,91,1.01,overcast clouds
168,Avera,US,33.194,-82.5271,54.28,32,6,16.96,clear sky
169,Nicoya,CR,10.1483,-85.452,81.95,51,39,15.48,scattered clouds
170,Ambatondrazaka,MG,-17.8333,48.4167,67.08,95,56,3.87,broken clouds
171,Phalodi,IN,27.1333,72.3667,63.18,22,0,4.16,clear sky
172,Yakeshi,CN,49.2833,120.7333,-32.22,100,99,1.19,overcast clouds
173,Qaanaaq,GL,77.484,-69.3632,-9.56,80,93,6.17,overcast clouds
174,Polis,CY,35.0367,32.4264,49.82,72,84,4.45,broken clouds
175,Norsup,VU,-16.0667,167.3833,83.84,76,96,13.98,overcast clouds
176,Itarema,BR,-2.9248,-39.9167,79.57,79,10,14.05,clear sky
177,Seoul,KR,37.5683,126.9778,31.44,76,49,2.21,scattered clouds
178,Otjimbingwe,NA,-22.35,16.1333,73.44,76,100,7.54,light rain
179,Malinyi,TZ,-8.9333,36.1333,71.44,97,100,1.19,overcast clouds
180,Havelock,US,34.8791,-76.9013,45.05,86,100,1.01,overcast clouds
181,Semnan,IR,35.5729,53.3971,39.0,53,3,7.81,clear sky
182,Los Llanos De Aridane,ES,28.6585,-17.9182,60.55,73,40,8.99,scattered clouds
183,Homer,US,59.6425,-151.5483,35.8,84,0,5.75,clear sky
184,Kitui,KE,-1.367,38.0106,65.32,63,100,2.35,overcast clouds
185,Funtua,NG,11.5233,7.3081,68.27,15,4,10.36,clear sky
186,Ilulissat,GL,69.2167,-51.1,10.42,85,100,26.46,heavy shower snow
187,Saint-Martin-Boulogne,FR,50.7269,1.6186,53.85,78,100,33.64,overcast clouds
188,Tuktoyaktuk,CA,69.4541,-133.0374,-30.86,98,78,5.46,broken clouds
189,Bengkulu,ID,-3.8004,102.2655,75.29,88,100,3.27,overcast clouds
190,Puerto Escondido,MX,15.85,-97.0667,85.03,70,75,0.0,broken clouds
191,Ilinge,ZA,-31.9768,27.0427,64.22,93,79,5.53,light rain
192,Andros,GR,37.8333,24.9333,50.56,58,95,23.02,overcast clouds
193,Norman Wells,CA,65.282,-126.8329,-2.52,93,100,6.71,overcast clouds
194,Phalia,PK,32.4297,73.5775,52.81,65,91,4.03,overcast clouds
195,Korla,CN,41.7597,86.1469,27.57,49,0,3.62,clear sky
196,Northampton,US,40.8754,-75.2499,29.37,66,100,1.01,overcast clouds
197,Kangavar,IR,34.5043,47.9653,37.67,54,0,2.48,clear sky
198,Pevek,RU,69.7008,170.3133,-17.05,97,100,8.99,overcast clouds
199,Staryy Nadym,RU,65.6118,72.6842,-17.43,99,99,8.75,overcast clouds
200,Saint-Pierre,RE,-21.3393,55.4781,78.48,78,0,10.36,clear sky
201,Tari,NG,12.4086,4.4914,76.06,11,64,9.46,broken clouds
202,Santa Lucia,ES,27.9117,-15.5407,56.52,68,20,14.97,few clouds
203,Senno,RU,59.5336,33.9167,28.33,95,100,11.86,light snow
204,Jaisinghnagar,IN,23.7,81.3833,52.74,35,2,2.91,clear sky
205,Salalah,OM,17.0151,54.0924,70.36,34,0,18.14,clear sky
206,Asfi,MA,32.2994,-9.2372,56.91,85,25,10.92,scattered clouds
207,Teya,RU,60.3778,92.6267,-20.76,100,18,3.51,few clouds
208,Safita,SY,34.8205,36.1153,47.59,86,4,1.9,clear sky
209,Burnie,AU,-41.0667,145.9167,74.95,57,83,2.33,broken clouds
210,Makhachkala,RU,42.9764,47.5024,33.78,58,10,2.37,clear sky
211,Ulaangom,MN,49.9811,92.0667,-29.2,97,97,2.17,overcast clouds
212,Carutapera,BR,-1.195,-46.02,76.35,93,100,6.08,moderate rain
213,Bafq,IR,31.6128,55.4107,45.7,47,0,5.55,clear sky
214,Waipawa,NZ,-41.4122,175.5153,59.45,68,100,13.06,overcast clouds
215,Pemba,MZ,-12.974,40.5178,78.64,85,37,4.41,scattered clouds
216,Ust-Nera,RU,64.5667,143.2,-35.36,96,58,1.21,broken clouds
217,Rondonopolis,BR,-16.4708,-54.6356,75.09,89,85,1.63,overcast clouds
218,Nuuk,GL,64.1835,-51.7216,7.41,85,100,4.61,overcast clouds
219,Camocim,BR,-2.9022,-40.8411,79.63,82,32,14.63,scattered clouds
220,Caravelas,BR,-17.7125,-39.2481,76.19,85,82,5.95,broken clouds
221,Thurso,GB,58.5927,-3.5259,40.95,92,100,4.23,overcast clouds
222,Yatou,CN,37.15,122.3833,34.84,96,100,10.54,snow
223,Cidreira,BR,-30.1811,-50.2056,69.22,93,100,4.18,overcast clouds
224,Herborn,DE,50.6833,8.3167,45.41,76,75,10.36,broken clouds
225,Vao,NC,-22.6667,167.4833,79.74,83,100,7.78,overcast clouds
226,Mandeville,JM,18.0417,-77.5071,73.45,69,39,4.85,scattered clouds
227,Bubaque,GW,11.2833,-15.8333,78.08,68,3,12.82,clear sky
228,Sechura,PE,-5.5569,-80.8222,78.98,62,56,14.76,broken clouds
229,Petatlan,MX,17.5167,-101.2667,85.8,47,100,4.83,overcast clouds
230,Verkhnyaya Inta,RU,65.9811,60.3094,3.38,86,97,5.57,overcast clouds
231,Tual,ID,-5.6667,132.75,80.31,77,100,5.17,overcast clouds
232,Medicine Hat,CA,50.0501,-110.6683,46.72,38,71,3.0,broken clouds
233,Celestun,MX,20.8667,-90.4,71.92,74,85,22.77,overcast clouds
234,Najran,SA,17.4924,44.1277,54.01,45,12,3.09,few clouds
235,Reo,BF,12.3167,-2.4667,76.03,11,1,9.55,clear sky
236,Comodoro Rivadavia,AR,-45.8667,-67.5,64.26,59,0,10.36,clear sky
237,Beaverlodge,CA,55.2166,-119.4361,33.89,73,100,7.61,overcast clouds
238,Bara,NG,10.3744,10.7288,73.36,17,7,9.42,clear sky
239,La Reforma,MX,25.0833,-108.05,86.09,33,100,10.13,overcast clouds
240,Robat Karim,IR,35.4846,51.0829,40.86,60,0,23.02,clear sky
241,Portobelo,PA,9.55,-79.65,85.86,84,49,10.69,scattered clouds
242,Santa Maria Del Oro,MX,25.9333,-105.3667,60.28,16,100,6.04,overcast clouds
243,Aiken,US,33.5835,-81.5998,55.58,36,0,10.36,clear sky
244,Losone,CH,46.1687,8.7593,41.45,78,15,0.0,few clouds
245,Meulaboh,ID,4.1363,96.1285,76.23,88,95,5.06,moderate rain
246,Kenai,US,60.5544,-151.2583,34.03,95,100,4.61,mist
247,Bambous Virieux,MU,-20.3428,57.7575,81.21,85,87,13.94,light rain
248,San Patricio,US,28.017,-97.5169,66.61,23,35,5.37,scattered clouds
249,Balvi,LV,57.1313,27.2658,30.07,80,100,10.85,overcast clouds
250,Sioux Lookout,CA,50.1001,-91.917,0.72,84,100,4.47,overcast clouds
251,Tashtyp,RU,52.7939,89.8983,3.27,98,100,0.38,overcast clouds
252,Genhe,CN,50.7833,121.5167,-13.07,99,93,1.74,overcast clouds
253,Soc Trang,VN,9.6033,105.98,75.16,78,61,12.33,broken clouds
254,Havoysund,NO,70.9963,24.6622,18.48,89,100,4.79,overcast clouds
255,Geraldton,AU,-28.7667,114.6,73.81,88,40,4.61,scattered clouds
256,Port Hardy,CA,50.6996,-127.4199,50.76,67,100,6.29,overcast clouds
257,Mahibadhoo,MV,3.7833,72.9667,81.0,78,100,10.67,overcast clouds
258,Chokurdakh,RU,70.6333,147.9167,-9.36,94,99,8.55,overcast clouds
259,Puerto Carreno,CO,6.189,-67.4859,89.2,35,44,7.52,scattered clouds
260,Camacha,PT,33.0833,-16.3333,58.42,67,20,10.36,few clouds
261,Delta,NG,5.5,6.0,79.25,82,40,4.14,scattered clouds
262,Aloleng,PH,16.1307,119.7824,77.59,80,61,9.37,broken clouds
263,Irati,BR,-25.4672,-50.6511,66.88,92,87,2.04,moderate rain
264,Sturgeon Bay,US,44.8342,-87.377,14.09,52,0,5.75,clear sky
265,Vardo,NO,70.3705,31.1107,22.75,92,100,22.62,light snow
266,Sitka,US,57.0531,-135.33,42.69,81,100,4.61,light rain
267,Santo Tomas,PH,14.1079,121.1414,77.58,91,90,4.29,overcast clouds
268,Goroka,PG,-6.0834,145.3873,66.31,89,100,0.76,overcast clouds
269,Kungurtug,RU,50.5994,97.5228,-24.56,97,86,1.74,overcast clouds
270,North Myrtle Beach,US,33.816,-78.68,55.22,83,100,6.91,overcast clouds
271,Itapui,BR,-22.2333,-48.7192,72.5,77,6,0.63,clear sky
272,Henderson,US,36.0397,-114.9819,74.75,13,0,8.05,clear sky
273,Le Port,RE,-20.9373,55.2919,78.8,78,49,3.18,scattered clouds
274,Humboldt,US,40.6665,-123.9178,66.38,51,91,4.12,overcast clouds
275,Moose Factory,CA,51.2585,-80.6094,-7.62,97,100,1.95,overcast clouds
276,Tasiilaq,GL,65.6145,-37.6368,21.36,93,100,14.36,light snow
277,Kunashak,RU,55.7032,61.5498,16.09,43,100,6.49,light snow
278,Lichuan,CN,30.3,108.85,31.46,95,42,2.77,scattered clouds
279,Mecca,SA,21.4267,39.8261,73.33,28,0,6.82,clear sky
280,Trinidad,BO,-14.8333,-64.9,74.98,81,76,0.72,broken clouds
281,Praia,CV,14.9215,-23.5087,72.14,78,0,14.97,clear sky
282,Troitskoye,RU,52.9821,84.6757,18.73,91,100,9.86,overcast clouds
283,Bonavista,CA,48.6499,-53.1147,36.12,75,100,16.98,overcast clouds
284,Kavaratti,IN,10.5669,72.642,80.13,72,33,5.28,scattered clouds
285,Xuddur,SO,4.1213,43.8894,69.91,63,90,12.08,overcast clouds
286,Molodizhne,UA,48.1773,32.6601,29.93,60,0,5.68,clear sky
287,Paragould,US,36.0584,-90.4973,47.07,43,2,9.42,clear sky
288,Goderich,CA,43.7501,-81.7165,14.92,86,100,5.19,overcast clouds
289,Aswan,EG,24.0934,32.907,60.82,29,0,9.89,clear sky
290,Ekhabi,RU,53.5102,142.9671,-12.06,95,15,9.35,few clouds
291,Yarmouth,US,41.7057,-70.2286,35.71,93,100,10.36,snow
292,Kruisfontein,ZA,-34.0033,24.7314,66.24,81,32,7.07,scattered clouds
293,Mbanza-Ngungu,CD,-5.25,14.8667,68.29,95,100,5.3,moderate rain
294,Ikirun,NG,7.9167,4.6667,76.37,70,14,3.89,few clouds
295,Praia Da Vitoria,PT,38.7333,-27.0667,55.76,69,99,4.47,overcast clouds
296,Zeya,RU,53.75,127.2667,1.45,86,100,4.56,overcast clouds
297,Angoche,MZ,-16.2325,39.9086,77.29,88,20,4.47,few clouds
298,Warner Robins,US,32.621,-83.5999,52.16,26,0,19.57,clear sky
299,Cozumel,MX,20.5083,-86.9458,78.94,67,0,11.5,clear sky
300,Acarau,BR,-2.8856,-40.12,79.72,80,12,15.46,few clouds
301,San Bartolome De Tirajana,ES,27.9248,-15.5733,54.07,77,20,14.97,few clouds
302,Iqaluit,CA,63.7506,-68.5145,-14.31,68,100,5.01,overcast clouds
303,Mokolo,CM,10.7398,13.8019,71.08,20,100,5.59,overcast clouds
304,Oriximina,BR,-1.7656,-55.8661,78.66,80,85,0.98,overcast clouds
305,Ekibastuz,KZ,51.6667,75.3667,1.99,99,68,2.08,broken clouds
306,Hovd,MN,48.0056,91.6419,-14.31,79,13,2.26,few clouds
307,Hofn,IS,64.2539,-15.2082,21.96,63,17,9.62,few clouds
308,Togur,RU,58.3631,82.8265,6.62,94,100,11.23,light snow
309,Eureka,US,40.8021,-124.1637,53.92,82,92,3.36,overcast clouds
310,Marsh Harbour,BS,26.5412,-77.0636,73.67,83,100,13.2,overcast clouds
311,Grindavik,IS,63.8424,-22.4338,28.87,86,75,10.36,light snow
312,Vitim,RU,59.4511,112.5578,-27.69,100,81,0.87,broken clouds
313,Liberal,US,37.0431,-100.921,63.63,16,0,17.27,clear sky
314,Honningsvag,NO,70.9821,25.9704,22.53,86,100,7.25,light snow
315,Progreso,MX,21.2833,-89.6667,73.51,74,73,19.26,broken clouds
316,Guilin,CN,25.2819,110.2864,37.89,94,4,4.38,clear sky
317,Vanderhoof,CA,54.0166,-124.0198,37.08,93,100,4.07,overcast clouds
318,Yulara,AU,-25.2406,130.9889,80.69,16,2,9.31,clear sky
319,Zhigansk,RU,66.7697,123.3711,-37.35,100,56,1.54,broken clouds
320,Salinas,US,36.6777,-121.6555,85.98,40,0,12.66,clear sky
321,Juegang,CN,32.3174,121.1855,35.91,82,0,7.36,light rain
322,Novoagansk,RU,61.9449,76.6625,-7.73,99,86,7.81,overcast clouds
323,Kiunga,PG,-6.1219,141.2906,79.43,82,94,1.92,overcast clouds
324,Berlevag,NO,70.8578,29.0864,23.0,86,75,18.41,light shower snow
325,Tshikapa,CD,-6.4167,20.8,69.98,97,100,3.2,overcast clouds
326,Anqiu,CN,36.4342,119.1925,30.51,88,91,11.3,overcast clouds
327,Talnakh,RU,69.4865,88.3972,-7.6,70,13,8.93,few clouds
328,Malindi,KE,-3.2175,40.1191,75.96,86,90,8.1,overcast clouds
329,Lorengau,PG,-2.0226,147.2712,82.67,76,99,2.95,overcast clouds
330,Whitecourt,CA,54.1502,-115.6855,35.76,76,94,1.16,overcast clouds
331,Vanimo,PG,-2.6741,141.3028,79.29,88,100,2.66,overcast clouds
332,Lakselv,NO,70.0513,24.9718,6.62,85,20,5.75,few clouds
333,El Campo,US,29.1966,-96.2697,62.78,23,0,5.75,clear sky
334,Kencong,ID,-8.2833,113.3667,75.34,92,100,1.52,overcast clouds
335,Ust-Ilimsk,RU,58.0006,102.6619,-28.53,100,12,2.89,few clouds
336,Sakharovo,RU,56.8995,36.0502,25.21,84,100,11.56,overcast clouds
337,Lamu,KE,-2.2717,40.902,79.02,87,47,9.22,scattered clouds
338,Pangnirtung,CA,66.1451,-65.7125,-35.03,95,94,5.48,overcast clouds
339,Oum Hadjer,TD,13.2954,19.6966,75.29,13,98,10.11,overcast clouds
340,Husavik,IS,66.0449,-17.3389,9.45,77,72,15.12,broken clouds
341,Kandrian,PG,-6.2167,149.55,82.26,76,93,3.0,light rain
342,Manado,ID,1.487,124.8455,74.17,94,20,2.3,few clouds
343,Nouakchott,MR,18.0858,-15.9785,67.93,61,100,8.99,overcast clouds
344,Seymchan,RU,62.8833,152.4333,-40.45,99,71,0.54,broken clouds
345,Divnomorskoye,RU,44.5011,38.1353,36.9,33,73,11.99,broken clouds
346,Buraydah,SA,26.326,43.975,52.32,30,0,6.42,clear sky
347,Deputatskiy,RU,69.3,139.9,-14.24,95,85,5.73,overcast clouds
348,Axim,GH,4.8699,-2.2405,78.1,88,17,5.66,light rain
349,Havre-Saint-Pierre,CA,50.2334,-63.5986,0.97,75,9,10.49,clear sky
350,Rosetta,EG,31.4044,30.4164,55.42,71,0,10.2,clear sky
351,Athens,GR,37.9795,23.7162,49.37,75,32,5.99,scattered clouds
352,Pathein,MM,16.7833,94.7333,61.41,82,62,3.91,broken clouds
353,Prince Rupert,CA,54.3161,-130.3201,44.94,89,100,2.77,light rain
354,Santa Engracia,ES,41.9406,-1.3245,53.13,66,99,3.22,overcast clouds
355,Lavrentiya,RU,65.5833,-171.0,-18.27,92,30,3.67,scattered clouds
356,Ketchikan,US,55.3422,-131.6461,48.18,87,100,5.75,overcast clouds
357,Freetown,SL,8.484,-13.2299,77.76,84,45,8.37,scattered clouds
358,Coahuayana,MX,18.7333,-103.6833,94.48,42,96,6.31,overcast clouds
359,Kaseda,JP,31.4167,130.3167,50.34,76,100,10.83,overcast clouds
360,Plettenberg Bay,ZA,-34.0527,23.3716,68.23,80,51,3.36,light rain
361,Coquimbo,CL,-29.9533,-71.3436,67.15,73,2,6.42,clear sky
362,Viedma,AR,-40.8135,-62.9967,84.07,21,0,4.72,clear sky
363,Sunndalsora,NO,62.6754,8.5515,35.65,98,94,1.12,light snow
364,Gohpur,IN,26.8833,93.6333,54.05,72,0,2.51,clear sky
365,Varadero,CU,23.1536,-81.2514,75.96,83,100,15.21,overcast clouds
366,Necochea,AR,-38.5473,-58.7368,67.03,53,0,6.53,clear sky
367,Alofi,NU,-19.0595,-169.9187,80.92,73,100,11.05,overcast clouds
368,Hasaki,JP,35.7333,140.8333,36.28,75,100,31.41,overcast clouds
369,Assare,BR,-6.8744,-39.875,75.88,56,63,2.37,broken clouds
370,Alugan,PH,12.2188,125.4808,78.84,81,100,10.22,overcast clouds
371,Rio Gallegos,AR,-51.6226,-69.2181,51.85,28,20,39.12,few clouds
372,Cape Coast,GH,5.1053,-1.2466,79.68,83,94,7.99,light rain
373,Davenda,RU,53.5556,119.317,-10.77,98,96,3.31,overcast clouds
374,Bandarbeyla,SO,9.4942,50.8122,74.01,69,25,13.53,scattered clouds
375,Shymkent,KZ,42.3,69.6,32.59,100,100,8.95,light intensity drizzle
376,Fevik,NO,58.3794,8.6766,40.77,91,100,15.93,light rain
377,Yermakovskoye,RU,53.2831,92.4003,-8.5,95,75,3.09,broken clouds
378,Stykkisholmur,IS,65.0757,-22.7297,28.51,91,100,12.48,light snow
379,Bethlehem,BR,-1.4558,-48.5044,77.04,94,75,6.91,broken clouds
380,Esperance,AU,-33.8667,121.9,63.1,72,41,12.68,scattered clouds
381,Igrim,RU,63.1906,64.4162,-20.06,100,93,2.06,overcast clouds
382,Betsiamites,CA,48.9413,-68.646,-6.05,93,31,4.47,scattered clouds
383,La Sarre,CA,48.8002,-79.1996,-13.7,93,88,2.35,overcast clouds
384,Kahului,US,20.8947,-156.47,80.62,66,20,17.27,few clouds
385,Suluq,LY,31.6682,20.2521,52.61,77,0,5.35,clear sky
386,Trapani,IT,37.8333,12.6667,51.98,91,88,6.49,overcast clouds
387,Mound,US,44.9366,-93.6661,9.12,63,100,8.01,overcast clouds
388,Touros,BR,-5.1989,-35.4608,83.3,76,8,14.0,clear sky
389,Port-Cartier,CA,50.0334,-66.8654,-6.79,87,61,6.69,broken clouds
390,Kutum,SD,14.2,24.6667,60.58,17,4,8.79,clear sky
391,Taoudenni,ML,22.6783,-3.9836,62.38,25,0,11.07,clear sky
392,Thunder Bay,CA,48.4001,-89.3168,3.99,64,58,3.06,broken clouds
393,Val-David,CA,46.0334,-74.2159,4.59,82,89,2.21,overcast clouds
394,Hirara,JP,24.8,125.2833,65.23,84,100,23.67,overcast clouds
395,Bemidji,US,47.4736,-94.8803,1.18,78,100,11.5,overcast clouds
396,Tarrafal,CV,15.2833,-23.7667,72.39,74,77,17.29,broken clouds
397,Gombong,ID,-7.6072,109.5142,76.84,92,100,3.62,moderate rain
398,Uruguaiana,BR,-29.7547,-57.0883,75.13,41,0,9.22,clear sky
399,Itaituba,BR,-4.2761,-55.9836,75.58,86,46,2.08,scattered clouds
400,Haines Junction,CA,60.7522,-137.5108,20.61,92,100,0.27,overcast clouds
401,Malangwa,NP,26.8568,85.5581,55.04,77,0,3.27,clear sky
402,Novyy Urengoy,RU,66.0833,76.6333,-14.06,100,90,8.34,overcast clouds
403,Anadyr,RU,64.75,177.4833,-32.01,73,0,13.42,clear sky
404,Port Lincoln,AU,-34.7333,135.8667,67.86,80,96,10.0,overcast clouds
405,Padang,ID,-0.9492,100.3543,76.1,81,99,4.16,overcast clouds
406,Henties Bay,NA,-22.116,14.2845,71.85,87,65,5.68,moderate rain
407,Palana,RU,59.1167,159.9667,-2.29,90,88,6.51,overcast clouds
408,Bridlington,GB,54.0831,-0.1919,48.02,92,100,7.0,overcast clouds
409,Vestmannaeyjar,IS,63.4427,-20.2734,33.96,73,99,29.84,overcast clouds
410,Hobyo,SO,5.3505,48.5268,78.1,71,91,16.69,overcast clouds
411,Krasnyy Chikoy,RU,50.3643,108.7512,-30.68,100,55,1.97,broken clouds
412,Sohbatpur,PK,28.5202,68.5434,59.36,33,3,3.78,clear sky
413,Belaya Gora,RU,68.5333,146.4167,-22.23,96,93,5.21,overcast clouds
414,Yasnyy,RU,51.0333,59.8742,14.22,96,92,12.53,overcast clouds
415,Lagoa,PT,39.05,-27.9833,56.5,59,88,4.7,overcast clouds
416,Fernandez,AR,-27.9204,-63.8935,76.57,30,0,7.05,clear sky
417,Keetmanshoop,NA,-26.5833,18.1333,77.09,53,100,9.33,light rain
418,Cabedelo,BR,-6.9811,-34.8339,80.51,77,7,11.88,clear sky
419,Novosil,RU,52.9739,37.0405,18.14,87,66,10.56,broken clouds
420,Nushki,PK,29.5542,66.0215,50.47,52,56,2.46,broken clouds
421,Stornoway,GB,58.2093,-6.3865,41.94,94,40,10.36,scattered clouds
422,Hazleton,US,40.9584,-75.9746,24.39,69,100,4.61,overcast clouds
423,Anzio,IT,41.4853,12.6179,51.85,94,75,5.66,broken clouds
424,Stromness,GB,58.965,-3.296,40.96,86,100,10.6,overcast clouds
425,Banjar,ID,-8.19,114.9675,78.66,87,99,1.36,overcast clouds
426,Raghogarh,IN,24.45,77.2,55.2,35,0,7.96,clear sky
427,Karratha,AU,-20.7377,116.8463,85.93,56,76,4.52,broken clouds
428,Graaff-Reinet,ZA,-32.2522,24.5308,68.92,82,80,6.93,broken clouds
429,Sinnamary,GF,5.3833,-52.95,76.59,89,67,9.78,broken clouds
430,Roald,NO,62.5833,6.1333,38.91,93,75,20.71,light intensity drizzle
431,Suntar,RU,62.1444,117.6319,-17.36,100,100,1.63,overcast clouds
432,Turukhansk,RU,65.8167,87.9833,-8.23,90,42,11.9,scattered clouds
433,Beringovskiy,RU,63.05,179.3167,-22.85,95,16,8.61,few clouds
434,Lubbock,US,33.6001,-101.8338,62.38,20,20,14.97,few clouds
435,College,US,64.8569,-147.8028,15.21,80,100,4.61,light snow
436,Davila,PH,18.4726,120.5763,78.13,74,49,1.21,scattered clouds
437,Thinadhoo,MV,0.5333,72.9333,81.45,76,75,8.84,broken clouds
438,Aquiraz,BR,-3.9014,-38.3911,83.17,82,16,9.22,few clouds
439,Orocue,CO,4.7912,-71.3354,89.42,34,20,8.37,few clouds
440,Fairbanks,US,64.8378,-147.7164,15.22,79,100,5.75,light snow
441,Ibra,OM,22.6906,58.5334,63.61,58,0,3.47,clear sky
442,Mandalgovi,MN,45.7625,106.2708,-7.71,86,47,7.34,scattered clouds
443,Adrar,MR,20.5022,-10.0711,63.18,21,78,11.63,broken clouds
444,Shizunai,JP,42.3339,142.3669,26.01,88,88,7.52,overcast clouds
445,Dali,CN,25.7,100.1833,37.72,63,0,2.15,clear sky
446,Mega,ET,4.05,38.3,63.21,34,53,4.68,broken clouds
447,Port Keats,AU,-14.25,129.55,77.02,82,60,6.08,broken clouds
448,Tupik,RU,54.4253,119.9327,-16.06,99,97,2.42,overcast clouds
449,Blagoyevo,RU,63.3667,47.9167,2.61,99,88,4.07,overcast clouds
450,Tabou,CI,4.423,-7.3528,77.5,86,69,4.14,broken clouds
451,Markova,UA,48.6758,24.4138,24.58,77,3,5.55,clear sky
452,Kumluca,TR,36.3703,30.2869,47.68,70,44,5.55,scattered clouds
453,La Asuncion,VE,11.0333,-63.8628,76.59,79,95,18.34,overcast clouds
454,Praya,CV,14.9215,-23.5087,72.14,78,0,14.97,clear sky
455,Severo-Yeniseyskiy,RU,60.3725,93.0408,-21.84,100,38,4.38,scattered clouds
456,Ustikolina,BA,43.5836,18.79,30.67,96,25,2.51,scattered clouds
457,Vysha,RU,53.8477,42.3777,15.76,96,87,6.2,overcast clouds
458,San Cristobal,VE,7.7669,-72.225,72.21,65,90,0.98,overcast clouds
459,Alta Gracia,AR,-31.6529,-64.4283,72.55,66,2,4.05,clear sky
460,Amuntai,ID,-2.4177,115.2494,73.67,89,98,2.17,overcast clouds
461,Basoko,CD,1.2391,23.616,74.1,51,66,1.68,broken clouds
462,Marawi,PH,7.9986,124.2928,63.64,87,100,2.55,overcast clouds
463,Arlit,NE,18.7369,7.3853,66.9,13,0,4.52,clear sky
464,Sola,VU,-13.8833,167.55,82.24,77,100,18.5,overcast clouds
465,Flinders,AU,-34.5833,150.8552,72.81,75,100,5.99,overcast clouds
466,Maxixe,MZ,-23.8597,35.3472,75.04,85,1,6.78,clear sky
467,Beloha,MG,-25.1667,45.05,74.46,89,13,9.64,few clouds
468,Chapais,CA,49.7834,-74.8492,-13.11,96,100,1.32,overcast clouds
469,Hefei,CN,31.8639,117.2808,41.95,77,80,3.09,broken clouds
470,Awjilah,LY,29.1081,21.2869,54.5,54,33,6.33,scattered clouds
471,Roma,US,43.2128,-75.4557,18.95,71,100,11.01,overcast clouds
472,Narsaq,GL,60.9167,-46.05,21.42,95,100,3.69,light snow
473,Kidal,ML,18.4411,1.4078,69.35,13,48,9.51,scattered clouds
474,Castro Daire,PT,40.8984,-7.9338,45.54,92,88,7.27,overcast clouds
475,Hamilton,US,39.1834,-84.5333,25.74,84,100,12.66,mist
476,Airai,TL,-8.9266,125.4092,62.53,85,40,2.28,scattered clouds
477,San Carlos De Bariloche,AR,-41.1456,-71.3082,76.75,27,5,25.32,clear sky
478,Nioro,GM,13.35,-15.75,78.21,12,30,7.81,scattered clouds
479,Emerald,AU,-23.5333,148.1667,78.35,54,0,13.18,clear sky
480,Svelgen,NO,61.7685,5.2955,38.5,92,100,4.63,overcast clouds
481,Luang Prabang,LA,19.8856,102.1347,60.08,79,64,2.1,broken clouds
482,Rassvet,RU,46.8333,40.75,26.29,85,0,4.21,clear sky
483,Gamba,GA,-2.65,10.0,77.34,87,98,1.79,light rain
484,Dunedin,NZ,-45.8742,170.5036,59.54,64,2,4.76,clear sky
485,Cabanas,CU,22.9758,-82.9219,72.07,81,100,15.08,overcast clouds
486,Vila,PT,42.0304,-8.1588,41.32,93,90,5.93,overcast clouds
487,Kattivakkam,IN,13.2167,80.3167,79.07,78,6,6.89,clear sky
488,Marica,BR,-22.9194,-42.8186,80.55,91,10,8.7,clear sky
489,Ontario,US,34.0633,-117.6509,87.57,9,0,8.05,clear sky
490,Namatanai,PG,-3.6667,152.4333,82.54,72,100,5.64,overcast clouds
491,Uglegorsk,RU,49.0833,142.0333,11.32,94,100,6.62,overcast clouds
492,Camana,PE,-16.6228,-72.7111,72.84,77,15,8.14,few clouds
493,Mayumba,GA,-3.432,10.6554,77.58,88,97,2.33,light rain
494,Evensk,RU,61.95,159.2333,-1.43,72,25,9.53,scattered clouds
495,Sarkikaraagac,TR,38.0794,31.3664,27.93,86,93,0.6,overcast clouds
496,Launceston,AU,-41.45,147.1667,68.14,78,89,8.05,overcast clouds
497,Dwarka,IN,22.2394,68.9678,69.12,61,0,9.75,clear sky
498,Nichinan,JP,31.6,131.3667,50.27,87,100,9.91,light rain
499,Margate,GB,51.3813,1.3862,50.97,89,100,10.0,light rain
500,Zhezkazgan,KZ,47.8043,67.7144,29.82,98,100,16.11,light snow
501,Carnot,CF,4.9409,15.8665,73.9,22,100,1.28,overcast clouds
502,Naduvattam,IN,11.4833,76.5667,50.2,86,58,2.62,broken clouds
503,Bathsheba,BB,13.2167,-59.5167,77.61,73,20,16.11,few clouds
504,Bwanga,TZ,-3.0308,31.7601,63.1,86,99,5.1,overcast clouds
505,Puerto Leguizamo,CO,-0.1934,-74.7819,79.48,78,100,3.33,light rain
506,Koygorodok,RU,60.445,50.9968,-2.47,100,100,3.06,overcast clouds
507,Prnjavor,BA,44.8703,17.6628,27.66,82,1,2.24,clear sky
508,San Jose,US,37.3394,-121.895,83.35,36,20,6.91,few clouds
509,Jega,NG,12.2175,4.3792,76.32,12,57,9.31,broken clouds
510,Wum,CM,6.3833,10.0667,70.32,20,37,3.24,scattered clouds
511,Jensen Beach,US,27.2545,-80.2298,72.07,69,40,5.75,scattered clouds
512,Qinzhou,CN,21.95,108.6167,49.17,80,47,10.89,scattered clouds
513,Srandakan,ID,-7.9386,110.2506,60.73,93,100,5.82,moderate rain
514,Ishigaki,JP,24.3448,124.1572,66.4,80,100,25.59,overcast clouds
515,Portland,US,45.5234,-122.6762,66.33,46,75,10.36,broken clouds
516,Qianguo,CN,45.1171,124.8568,-1.89,97,100,7.54,overcast clouds
517,Kharan,PK,28.5833,65.4167,55.99,43,65,12.62,broken clouds
518,Yambio,SS,4.5721,28.3955,81.59,29,90,3.47,overcast clouds
519,Amparafaravola,MG,-17.5833,48.2167,65.43,98,51,3.83,light rain
520,Ust-Maya,RU,60.4167,134.5333,-23.39,99,99,2.17,overcast clouds
521,Gigmoto,PH,13.7796,124.39,77.29,83,83,9.19,broken clouds
522,Chulman,RU,56.8479,124.9104,-43.37,100,98,0.47,overcast clouds
523,Shaunavon,CA,49.6501,-108.4181,34.02,70,36,15.46,scattered clouds
524,Usinsk,RU,65.9939,57.5281,4.32,98,96,8.48,overcast clouds
525,Sakaiminato,JP,35.55,133.2333,45.0,63,100,20.83,overcast clouds
526,Kasane,BW,-17.8167,25.15,65.97,79,1,3.02,clear sky
527,Vidin,BG,43.99,22.8725,37.11,66,97,4.99,overcast clouds
528,Gogrial,SS,8.5332,28.1004,76.8,15,24,6.31,few clouds
529,Boden,SE,65.8252,21.6886,14.0,88,87,6.31,overcast clouds
530,Bundaberg,AU,-24.85,152.35,80.22,74,22,1.99,few clouds
531,Zhaodong,CN,46.0833,125.9833,-7.4,98,100,6.06,overcast clouds
532,Marion,US,39.7684,-86.1555,21.58,72,100,10.36,overcast clouds
533,San Rafael,AR,-34.6177,-68.3301,84.18,18,24,12.15,few clouds
534,Akyab,MM,20.15,92.9,62.82,57,45,7.05,scattered clouds
535,Kununurra,AU,-15.7667,128.7333,75.18,88,75,18.41,thunderstorm
536,Tigil,RU,57.8,158.6667,-0.33,91,100,3.22,overcast clouds
537,Porto Belo,BR,-27.1578,-48.5531,78.78,69,21,4.83,moderate rain
538,Santiago,CL,-33.4569,-70.6483,78.85,45,0,17.27,clear sky
539,Santa Vitoria Do Palmar,BR,-33.5189,-53.3681,63.09,56,1,8.41,clear sky
540,Ciudad Bolivar,VE,8.1222,-63.5497,82.49,54,98,7.11,overcast clouds
541,Muros,ES,42.7762,-9.0603,52.23,84,20,18.61,few clouds
542,Midyat,TR,37.4247,41.3393,29.12,54,54,4.7,broken clouds
543,Azuaga,ES,38.2667,-5.6833,49.96,90,100,6.02,overcast clouds
544,Monte Alegre,BR,-2.0078,-54.0692,77.09,82,84,4.05,broken clouds
545,Alice Springs,AU,-23.7,133.8833,78.35,34,0,5.75,clear sky
546,Ardabil,IR,38.2498,48.2933,26.73,88,98,5.1,overcast clouds
547,Mastic Beach,US,40.7668,-72.8521,30.24,88,100,7.0,light snow
548,Alta Floresta,BR,-9.8756,-56.0861,72.01,95,99,2.26,light rain
549,Ilhabela,BR,-23.7781,-45.3581,75.11,89,56,8.79,broken clouds
550,Sari,IR,36.5633,53.0601,46.81,86,98,3.33,overcast clouds
551,Bindi,SL,9.9167,-11.45,75.65,16,20,2.3,few clouds
552,Auki,SB,-8.7676,160.7034,76.98,91,100,4.07,overcast clouds
553,Limoges,FR,45.75,1.3333,49.23,81,100,19.57,light rain
554,Matara,LK,5.9485,80.5353,72.97,88,94,9.35,overcast clouds
555,Lingyuan,CN,41.24,119.4011,6.48,85,72,10.8,broken clouds
556,Almaznyy,RU,48.0448,40.045,24.94,86,5,3.96,clear sky
557,Dezful,IR,32.3811,48.4058,57.56,45,0,3.56,clear sky
558,Kyabram,AU,-36.3167,145.05,83.88,27,18,13.67,few clouds
559,Itoman,JP,26.1247,127.6694,64.78,94,75,23.02,light rain
560,Puno,PE,-15.8333,-70.0333,49.6,74,86,5.06,overcast clouds
561,Belmonte,BR,-15.8631,-38.8828,79.3,87,100,6.91,overcast clouds
562,Cabo San Lucas,MX,22.8909,-109.9124,83.61,42,20,11.5,few clouds
563,Maun,BW,-19.9833,23.4167,70.84,66,7,2.44,clear sky
564,Hay River,CA,60.8156,-115.7999,-9.6,89,55,2.28,broken clouds
565,Ust-Omchug,RU,61.15,149.6333,-34.74,97,56,2.66,broken clouds
566,Redlands,US,34.0556,-117.1825,86.25,10,0,1.01,clear sky
567,Union City,US,37.5958,-122.0192,81.21,44,0,6.91,clear sky
568,Viking,CA,53.1001,-111.7684,24.01,90,72,7.78,broken clouds
569,Illapel,CL,-31.6308,-71.1653,72.9,57,0,6.44,clear sky
570,Rychnov Nad Kneznou,CZ,50.1628,16.2749,35.37,67,0,12.84,clear sky
571,Grand Gaube,MU,-20.0064,57.6608,81.37,77,93,7.0,overcast clouds
572,San Ramon,US,37.7799,-121.978,79.7,42,0,9.22,clear sky
573,Gravdal,NO,68.1214,13.5031,32.68,60,94,25.14,light snow
574,Puerto Del Rosario,ES,28.5004,-13.8627,64.08,77,20,8.05,few clouds
575,Ambon,ID,-3.6954,128.1814,77.14,94,40,4.61,scattered clouds
576,Kalmunai,LK,7.4167,81.8167,76.26,82,99,7.56,overcast clouds
577,Sorland,NO,67.667,12.6934,33.53,55,100,22.21,light snow
578,Zhob,PK,31.3411,69.4481,48.45,51,91,2.15,overcast clouds
579,Vila Franca Do Campo,PT,37.7167,-25.4333,59.2,74,17,5.41,few clouds
580,Qandala,SO,11.472,49.8728,73.36,62,32,4.34,scattered clouds
581,Burns Lake,CA,54.2331,-125.7533,36.82,92,100,2.08,overcast clouds
582,Alyangula,AU,-13.8483,136.4192,84.61,65,21,13.87,few clouds
583,Erzin,TR,36.9559,36.2,43.52,82,44,2.89,scattered clouds
584,Misratah,LY,32.3754,15.0925,57.2,63,47,8.12,scattered clouds
585,Ofunato,JP,39.0717,141.7167,22.15,59,94,5.88,overcast clouds
586,Owerri,NG,5.4833,7.0304,79.18,77,61,5.75,broken clouds
587,Lai,TD,9.3952,16.2989,78.46,16,63,5.61,broken clouds
588,Khonsa,IN,27.0167,95.5667,46.69,76,0,3.78,clear sky
589,Puerto Narino,CO,-3.7703,-70.3831,76.95,99,100,0.72,moderate rain
590,Umba,RU,66.6871,34.3429,22.59,95,100,16.33,snow
591,Gat,IL,31.61,34.7642,55.4,100,26,3.83,scattered clouds
592,Valdivia,CL,-39.8142,-73.2459,64.92,73,59,4.47,broken clouds
593,Ambulu,ID,-8.345,113.6058,75.34,92,100,2.08,overcast clouds
594,Vaitape,PF,-16.5167,-151.75,80.91,73,100,13.91,light rain
595,Nagua,DO,19.3832,-69.8474,78.85,78,20,0.0,few clouds
596,Jurado,CO,7.1053,-77.7641,78.33,88,100,3.06,light rain
597,Roberval,CA,48.5168,-72.2324,-14.6,98,86,5.26,overcast clouds
598,Benguela,AO,-12.5763,13.4055,75.94,82,90,2.24,overcast clouds
599,San Matias,BO,-16.3667,-58.4,76.59,87,100,3.58,overcast clouds
600,Nokaneng,BW,-19.6667,22.2667,69.53,76,13,3.4,few clouds
601,Volosovo,RU,59.4333,29.4833,32.56,96,100,13.51,light snow
602,Pauleni-Ciuc,RO,46.4,25.8333,24.12,90,100,0.67,overcast clouds
603,Leisure City,US,25.4954,-80.4292,73.99,77,100,8.05,overcast clouds
604,Harnai,PK,30.1005,67.9374,55.65,33,70,2.82,broken clouds
605,Sao Marcos,BR,-28.9711,-51.0681,67.21,99,28,2.42,scattered clouds
606,Emba,KZ,48.8264,58.1442,19.38,88,81,15.17,broken clouds
607,Octeville,FR,49.6261,-1.6435,48.06,93,75,17.27,moderate rain
608,Bonthe,SL,7.5264,-12.505,78.06,88,52,6.58,broken clouds
609,Raudeberg,NO,61.9875,5.1352,38.07,96,100,14.07,light rain
610,Merauke,ID,-8.4667,140.3333,81.19,76,65,10.63,broken clouds
611,Nhulunbuy,AU,-12.2333,136.7667,84.81,70,6,9.22,clear sky
612,Astoria,US,46.1879,-123.8313,61.88,81,0,11.5,clear sky
613,Lata,PT,40.1629,-8.3327,53.82,92,63,4.59,broken clouds
614,Tangshan,CN,39.6333,118.1833,18.59,96,82,3.71,broken clouds
615,Neuquen,AR,-38.9516,-68.0591,89.49,19,0,4.61,clear sky
616,Lasa,IT,46.6166,10.7002,25.36,66,1,2.17,clear sky
617,Kyritz,DE,52.9421,12.397,42.85,81,100,12.46,overcast clouds
618,Fukue,JP,32.6881,128.8419,51.84,65,97,23.94,overcast clouds
619,Powell River,CA,49.8496,-124.5361,50.27,69,96,3.44,overcast clouds
620,Loviisa,FI,60.4566,26.2251,35.46,97,100,17.0,overcast clouds
621,Saint-Francois,FR,46.4154,3.9054,48.67,65,0,19.57,clear sky
622,Batticaloa,LK,7.7102,81.6924,77.74,76,99,9.46,overcast clouds
623,Sobolevo,RU,54.4299,31.8996,22.01,86,63,12.19,broken clouds
624,Kochevo,RU,59.5994,54.3125,-1.19,100,93,2.91,overcast clouds
625,Takab,IR,36.4009,47.1133,17.58,73,16,3.94,few clouds
626,Fort Saint James,CA,54.4333,-124.25,35.67,92,100,1.99,overcast clouds
627,Kuchera,IN,26.9839,73.9719,58.8,36,0,7.18,clear sky
628,Nalut,LY,30.3333,10.85,52.74,29,18,13.47,few clouds
629,Kupang,ID,-10.1667,123.5833,78.48,82,52,4.0,broken clouds
630,Panama City,PA,8.9936,-79.5197,87.06,67,40,10.36,scattered clouds
631,Gwadar,PK,25.1216,62.3254,70.21,69,82,3.0,broken clouds
632,Faya,SA,18.3851,42.4509,48.72,48,67,2.39,broken clouds
633,Jiwani,PK,25.05,61.7417,70.92,70,98,5.41,overcast clouds
634,Rajaldesar,IN,28.0333,74.4667,61.63,32,0,8.7,clear sky
635,Taicheng,CN,38.731,113.228,7.68,74,3,5.03,clear sky
636,Mairana,BO,-18.1167,-63.9333,56.12,91,100,0.58,overcast clouds
637,Vestmanna,FO,62.1564,-7.1664,32.92,60,100,10.36,overcast clouds
638,Pionerskiy,RU,54.9508,20.2275,35.44,73,100,20.38,overcast clouds
639,Victor Harbor,AU,-35.5667,138.6167,79.72,83,54,7.96,broken clouds
640,Brae,GB,60.3964,-1.353,40.91,87,89,18.21,overcast clouds
641,Kyrylivka,UA,46.3759,35.3675,36.09,65,4,12.68,clear sky
642,Roscommon,IE,53.6333,-8.1833,40.6,94,100,8.84,light rain
643,Semey,KZ,50.4111,80.2275,23.34,88,100,14.27,light snow
644,Tazmalt,DZ,36.3868,4.3989,49.64,60,64,4.79,broken clouds
645,Bulawayo,ZW,-20.15,28.5833,64.9,58,2,8.88,clear sky
646,Yuncheng,CN,35.0231,110.9928,33.96,78,8,2.71,clear sky
647,Birao,CF,10.2849,22.7882,70.09,12,39,6.67,scattered clouds
648,Mahenge,TZ,-8.6833,36.7167,63.77,98,100,2.57,light rain
649,Neftekamsk,RU,56.092,54.2703,0.45,100,97,3.13,light snow
650,San Juan,AR,-31.5375,-68.5364,84.81,23,18,5.93,few clouds
651,Saquarema,BR,-22.92,-42.5103,78.82,92,13,8.28,few clouds
652,Batsfjord,NO,70.6345,29.7185,22.93,93,75,18.41,light snow
653,Quatre Cocos,MU,-20.2078,57.7625,81.09,85,87,14.56,light rain
654,Shubarkuduk,KZ,49.1447,56.4872,14.56,96,100,10.49,overcast clouds
655,Hervey Bay,AU,-25.2986,152.8535,80.04,75,15,19.89,few clouds
656,Caldwell,US,43.6629,-116.6874,48.74,46,0,8.05,clear sky
657,Abha,SA,18.2164,42.5053,48.45,43,0,0.0,clear sky
658,Broska,UA,45.3733,28.783,25.14,82,96,5.59,overcast clouds
659,Nizwa,OM,22.9333,57.5333,60.28,67,0,2.46,clear sky
660,Tautira,PF,-17.7333,-149.15,87.82,76,75,16.73,light rain
661,Tapes,BR,-30.6733,-51.3958,69.15,87,27,4.76,scattered clouds
662,Calabozo,VE,8.9242,-67.4293,87.85,31,76,4.81,broken clouds
663,Saint-Joseph,RE,-21.3667,55.6167,77.38,85,21,12.37,light rain
664,Along,IN,28.1667,94.7667,42.75,62,0,2.3,clear sky
665,Belyy Yar,RU,53.6039,91.3903,-25.71,83,94,0.0,mist
666,Te Anau,NZ,-45.4167,167.7167,61.68,54,51,1.07,broken clouds
667,Sumbe,AO,-11.2061,13.8437,76.23,83,100,2.62,overcast clouds
668,Jumla,NP,29.2747,82.1838,27.81,69,1,6.35,clear sky
669,Amapa,BR,1.0,-52.0,73.22,96,92,4.07,light rain
670,Tank,PK,32.2217,70.3793,59.74,35,96,3.27,overcast clouds
671,Kirakira,SB,-10.4544,161.9205,80.35,85,99,9.37,light rain
672,Palmer,US,42.1584,-72.3287,29.37,58,75,10.36,broken clouds
673,Weihe,CN,32.9952,105.3247,32.14,93,89,0.45,overcast clouds
674,Berdigestyakh,RU,62.0989,126.6992,-31.67,100,100,1.1,overcast clouds
675,Isangel,VU,-19.55,169.2667,84.15,73,87,10.04,overcast clouds
676,Formosa,AR,-26.1775,-58.1781,80.58,41,0,5.75,clear sky
677,Formosa Do Rio Preto,BR,-11.0483,-45.1931,71.56,91,39,0.22,heavy intensity rain
678,Maceio,BR,-9.6658,-35.7353,78.24,83,40,8.05,scattered clouds
679,Lasem,ID,-6.6922,111.4527,75.02,93,100,4.88,overcast clouds
680,Gorontalo,ID,0.5412,123.0595,74.21,91,99,2.19,overcast clouds
681,Waingapu,ID,-9.6567,120.2641,79.02,82,73,3.83,broken clouds
682,Denpasar,ID,-8.65,115.2167,78.46,94,75,3.44,broken clouds
683,Jalu,LY,29.0331,21.5482,54.48,54,52,6.71,broken clouds
684,San Lorenzo,PY,-25.3333,-57.5333,83.34,48,0,9.22,clear sky
685,Anloga,GH,5.7947,0.8973,81.32,83,70,13.89,broken clouds
686,Poum,NC,-20.2333,164.0167,82.47,75,97,10.58,light rain
687,Oga,IT,46.4631,10.347,20.7,89,7,4.88,clear sky
688,Nisia Floresta,BR,-6.0911,-35.2086,83.21,76,1,10.54,clear sky
689,Aksu,CN,41.1231,80.2644,27.48,41,21,5.23,few clouds
690,Shingu,JP,33.7333,135.9833,45.91,83,100,5.59,overcast clouds
691,Port-Gentil,GA,-0.7193,8.7815,80.76,78,100,7.4,overcast clouds
692,Kangaba,ML,11.9333,-8.4167,75.27,14,4,4.9,clear sky
693,Columbus,US,39.9612,-82.9988,23.47,68,100,10.36,overcast clouds
694,Mocuba,MZ,-16.8392,36.9856,72.09,99,90,1.57,light rain
695,Kettering,US,39.6895,-84.1688,23.25,85,100,10.36,overcast clouds
696,Creston,US,41.0586,-94.3614,21.85,38,0,5.75,clear sky
697,Trat,TH,12.5,102.5,82.98,88,78,2.08,broken clouds
698,Yumen,CN,40.2833,97.2,24.13,49,88,13.13,overcast clouds
699,Xining,CN,36.6167,101.7667,9.19,75,9,2.35,clear sky
700,Abu Samrah,SY,35.3029,37.1841,47.43,70,0,7.52,clear sky
701,Bahia De Caraquez,EC,-0.6,-80.4167,77.9,81,94,6.67,overcast clouds
702,Virginia Beach,US,36.8529,-75.978,39.99,79,100,21.85,overcast clouds
703,Whitianga,NZ,-36.8333,175.7,72.01,62,5,4.83,clear sky
704,Harper,LR,4.375,-7.7169,77.81,85,52,4.12,broken clouds
705,Kudahuvadhoo,MV,2.6708,72.8944,80.49,78,99,8.61,overcast clouds
706,Kropachevo,RU,55.0112,57.9896,2.07,100,100,2.89,overcast clouds
707,Mehamn,NO,71.0357,27.8492,22.95,86,75,17.27,light snow
708,Aykhal,RU,66.0,111.5,-8.19,49,51,1.28,broken clouds
709,Nadapuram,IN,11.7,75.6667,72.36,86,42,3.62,scattered clouds
710,Opole,PL,50.5,18.0,36.7,71,1,18.03,clear sky
711,Lingao,CN,19.9103,109.6859,62.6,88,100,10.0,overcast clouds
712,Sur,OM,22.5667,59.5289,71.13,69,0,12.64,clear sky
713,Kashi,CN,39.4547,75.9797,31.23,57,4,3.0,clear sky
714,Arawa,PG,-6.2132,155.5367,82.0,80,85,3.09,overcast clouds
715,Luan,CH,46.3592,6.9759,30.76,79,9,8.16,clear sky
716,Mae Hong Son,TH,19.3003,97.9685,55.22,40,43,2.06,scattered clouds
717,Buckeye,US,33.3703,-112.5838,83.03,10,1,8.05,clear sky
718,Aklavik,CA,68.2191,-135.0107,-28.48,96,100,8.34,light snow
719,Kunya,NG,12.2233,8.5325,69.69,13,3,8.63,clear sky
720,Bell Ville,AR,-32.6259,-62.6887,71.85,27,0,4.45,clear sky
721,Carlagan,PH,14.975,122.0456,76.84,86,97,9.15,overcast clouds
722,Byron Bay,AU,-28.65,153.6167,75.87,80,74,7.87,broken clouds
723,Melchor De Mencos,GT,17.0686,-89.1522,72.43,98,60,3.42,broken clouds
724,Tazovskiy,RU,67.4667,78.7,-9.09,96,44,10.6,scattered clouds
725,San Diego De La Union,MX,21.4667,-100.8667,59.09,48,92,13.58,overcast clouds
726,Chifeng,CN,42.2683,118.9636,3.27,94,98,3.67,overcast clouds
727,Tonantins,BR,-2.8731,-67.8022,73.81,99,100,0.76,moderate rain
728,Balkhash,KZ,46.844,74.9804,13.82,97,100,4.52,overcast clouds
729,Casper,US,42.8666,-106.3131,45.19,33,0,11.5,clear sky
730,Slavutych,UA,51.5196,30.7343,31.19,67,47,8.01,scattered clouds
731,Goure,NE,13.9835,10.2704,72.01,11,1,8.08,clear sky
732,Richards Bay,ZA,-28.783,32.0377,75.79,92,76,5.79,broken clouds
733,Maraa,BR,-1.8333,-65.3667,76.39,86,99,1.3,overcast clouds
734,Pedernales,DO,18.0384,-71.744,78.94,69,10,3.24,clear sky
735,Muhos,FI,64.808,25.9931,33.58,98,100,10.09,light snow
736,Magadan,RU,59.5667,150.8,-1.52,66,55,9.33,broken clouds
737,Acandi,CO,8.5063,-77.2778,78.66,87,39,9.22,scattered clouds
738,Lake Havasu City,US,34.4839,-114.3224,82.31,5,0,4.61,clear sky
739,Mount Gambier,AU,-37.8333,140.7667,64.31,72,100,12.66,overcast clouds
740,Burley,US,42.5357,-113.7928,40.96,56,0,4.61,clear sky
741,Dinghai,CN,26.2847,119.7936,52.07,85,100,16.28,overcast clouds
742,Muravlenko,RU,63.7898,74.523,-16.2,100,98,8.68,overcast clouds
743,Mormugao,IN,15.4,73.8,72.03,69,0,6.35,clear sky
744,Igarka,RU,67.4667,86.5833,-12.32,91,15,7.25,few clouds
